{"name":"ebopPotal","classpathEntries":[{"kind":"binary","path":"C:\\Program Files\\Java\\jre1.8.0_231\\lib\\resources.jar","javadocContainerUrl":"https://docs.oracle.com/javase/1/docs/api/","isSystem":true,"isOwn":false,"isTest":false,"isJavaContent":false},{"kind":"binary","path":"C:\\Program Files\\Java\\jre1.8.0_231\\lib\\rt.jar","javadocContainerUrl":"https://docs.oracle.com/javase/1/docs/api/","isSystem":true,"isOwn":false,"isTest":false,"isJavaContent":false},{"kind":"binary","path":"C:\\Program Files\\Java\\jre1.8.0_231\\lib\\jsse.jar","javadocContainerUrl":"https://docs.oracle.com/javase/1/docs/api/","isSystem":true,"isOwn":false,"isTest":false,"isJavaContent":false},{"kind":"binary","path":"C:\\Program Files\\Java\\jre1.8.0_231\\lib\\jce.jar","javadocContainerUrl":"https://docs.oracle.com/javase/1/docs/api/","isSystem":true,"isOwn":false,"isTest":false,"isJavaContent":false},{"kind":"binary","path":"C:\\Program Files\\Java\\jre1.8.0_231\\lib\\charsets.jar","javadocContainerUrl":"https://docs.oracle.com/javase/1/docs/api/","isSystem":true,"isOwn":false,"isTest":false,"isJavaContent":false},{"kind":"binary","path":"C:\\Program Files\\Java\\jre1.8.0_231\\lib\\jfr.jar","javadocContainerUrl":"https://docs.oracle.com/javase/1/docs/api/","isSystem":true,"isOwn":false,"isTest":false,"isJavaContent":false},{"kind":"binary","path":"C:\\Users\\Mambwe.Mwansa\\.m2\\repository\\org\\webjars\\AdminLTE\\3.1.0-rc\\AdminLTE-3.1.0-rc.jar","javadocContainerUrl":"file:/C:/Users/Mambwe.Mwansa/.m2/repository/org/webjars/AdminLTE/3.1.0-rc/AdminLTE-3.1.0-rc-javadoc.jar","isSystem":false,"isOwn":false,"isTest":false,"isJavaContent":false},{"kind":"binary","path":"C:\\Users\\Mambwe.Mwansa\\.m2\\repository\\org\\webjars\\jquery\\3.4.0\\jquery-3.4.0.jar","sourceContainerUrl":"file:/C:/Users/Mambwe.Mwansa/.m2/repository/org/webjars/jquery/3.4.0/jquery-3.4.0-sources.jar","isSystem":false,"isOwn":false,"isTest":false,"isJavaContent":false},{"kind":"binary","path":"C:\\Users\\Mambwe.Mwansa\\.m2\\repository\\org\\webjars\\font-awesome\\4.7.0\\font-awesome-4.7.0.jar","javadocContainerUrl":"file:/C:/Users/Mambwe.Mwansa/.m2/repository/org/webjars/font-awesome/4.7.0/font-awesome-4.7.0-javadoc.jar","isSystem":false,"isOwn":false,"isTest":false,"isJavaContent":false},{"kind":"binary","path":"C:\\Users\\Mambwe.Mwansa\\.m2\\repository\\org\\webjars\\ionicons\\2.0.1\\ionicons-2.0.1.jar","javadocContainerUrl":"file:/C:/Users/Mambwe.Mwansa/.m2/repository/org/webjars/ionicons/2.0.1/ionicons-2.0.1-javadoc.jar","isSystem":false,"isOwn":false,"isTest":false,"isJavaContent":false},{"kind":"binary","path":"C:\\Users\\Mambwe.Mwansa\\.m2\\repository\\org\\webjars\\bootstrap\\3.4.1\\bootstrap-3.4.1.jar","sourceContainerUrl":"file:/C:/Users/Mambwe.Mwansa/.m2/repository/org/webjars/bootstrap/3.4.1/bootstrap-3.4.1-sources.jar","javadocContainerUrl":"file:/C:/Users/Mambwe.Mwansa/.m2/repository/org/webjars/bootstrap/3.4.1/bootstrap-3.4.1-javadoc.jar","isSystem":false,"isOwn":false,"isTest":false,"isJavaContent":false},{"kind":"binary","path":"C:\\Users\\Mambwe.Mwansa\\.m2\\repository\\com\\microsoft\\sqlserver\\mssql-jdbc\\8.4.1.jre8\\mssql-jdbc-8.4.1.jre8.jar","sourceContainerUrl":"file:/C:/Users/Mambwe.Mwansa/.m2/repository/com/microsoft/sqlserver/mssql-jdbc/8.4.1.jre8/mssql-jdbc-8.4.1.jre8-sources.jar","javadocContainerUrl":"file:/C:/Users/Mambwe.Mwansa/.m2/repository/com/microsoft/sqlserver/mssql-jdbc/8.4.1.jre8/mssql-jdbc-8.4.1.jre8-javadoc.jar","isSystem":false,"isOwn":false,"isTest":false,"isJavaContent":false},{"kind":"binary","path":"C:\\Users\\Mambwe.Mwansa\\.m2\\repository\\org\\springframework\\boot\\spring-boot-starter-data-jpa\\2.4.3\\spring-boot-starter-data-jpa-2.4.3.jar","sourceContainerUrl":"file:/C:/Users/Mambwe.Mwansa/.m2/repository/org/springframework/boot/spring-boot-starter-data-jpa/2.4.3/spring-boot-starter-data-jpa-2.4.3-sources.jar","javadocContainerUrl":"file:/C:/Users/Mambwe.Mwansa/.m2/repository/org/springframework/boot/spring-boot-starter-data-jpa/2.4.3/spring-boot-starter-data-jpa-2.4.3-javadoc.jar","isSystem":false,"isOwn":false,"isTest":false,"isJavaContent":false},{"kind":"binary","path":"C:\\Users\\Mambwe.Mwansa\\.m2\\repository\\org\\springframework\\boot\\spring-boot-starter-aop\\2.4.3\\spring-boot-starter-aop-2.4.3.jar","sourceContainerUrl":"file:/C:/Users/Mambwe.Mwansa/.m2/repository/org/springframework/boot/spring-boot-starter-aop/2.4.3/spring-boot-starter-aop-2.4.3-sources.jar","javadocContainerUrl":"file:/C:/Users/Mambwe.Mwansa/.m2/repository/org/springframework/boot/spring-boot-starter-aop/2.4.3/spring-boot-starter-aop-2.4.3-javadoc.jar","isSystem":false,"isOwn":false,"isTest":false,"isJavaContent":false},{"kind":"binary","path":"C:\\Users\\Mambwe.Mwansa\\.m2\\repository\\org\\springframework\\spring-aop\\5.3.4\\spring-aop-5.3.4.jar","sourceContainerUrl":"file:/C:/Users/Mambwe.Mwansa/.m2/repository/org/springframework/spring-aop/5.3.4/spring-aop-5.3.4-sources.jar","javadocContainerUrl":"file:/C:/Users/Mambwe.Mwansa/.m2/repository/org/springframework/spring-aop/5.3.4/spring-aop-5.3.4-javadoc.jar","isSystem":false,"isOwn":false,"isTest":false,"isJavaContent":false},{"kind":"binary","path":"C:\\Users\\Mambwe.Mwansa\\.m2\\repository\\org\\aspectj\\aspectjweaver\\1.9.6\\aspectjweaver-1.9.6.jar","sourceContainerUrl":"file:/C:/Users/Mambwe.Mwansa/.m2/repository/org/aspectj/aspectjweaver/1.9.6/aspectjweaver-1.9.6-sources.jar","javadocContainerUrl":"file:/C:/Users/Mambwe.Mwansa/.m2/repository/org/aspectj/aspectjweaver/1.9.6/aspectjweaver-1.9.6-javadoc.jar","isSystem":false,"isOwn":false,"isTest":false,"isJavaContent":false},{"kind":"binary","path":"C:\\Users\\Mambwe.Mwansa\\.m2\\repository\\org\\springframework\\boot\\spring-boot-starter-jdbc\\2.4.3\\spring-boot-starter-jdbc-2.4.3.jar","sourceContainerUrl":"file:/C:/Users/Mambwe.Mwansa/.m2/repository/org/springframework/boot/spring-boot-starter-jdbc/2.4.3/spring-boot-starter-jdbc-2.4.3-sources.jar","javadocContainerUrl":"file:/C:/Users/Mambwe.Mwansa/.m2/repository/org/springframework/boot/spring-boot-starter-jdbc/2.4.3/spring-boot-starter-jdbc-2.4.3-javadoc.jar","isSystem":false,"isOwn":false,"isTest":false,"isJavaContent":false},{"kind":"binary","path":"C:\\Users\\Mambwe.Mwansa\\.m2\\repository\\com\\zaxxer\\HikariCP\\3.4.5\\HikariCP-3.4.5.jar","sourceContainerUrl":"file:/C:/Users/Mambwe.Mwansa/.m2/repository/com/zaxxer/HikariCP/3.4.5/HikariCP-3.4.5-sources.jar","javadocContainerUrl":"file:/C:/Users/Mambwe.Mwansa/.m2/repository/com/zaxxer/HikariCP/3.4.5/HikariCP-3.4.5-javadoc.jar","isSystem":false,"isOwn":false,"isTest":false,"isJavaContent":false},{"kind":"binary","path":"C:\\Users\\Mambwe.Mwansa\\.m2\\repository\\org\\springframework\\spring-jdbc\\5.3.4\\spring-jdbc-5.3.4.jar","sourceContainerUrl":"file:/C:/Users/Mambwe.Mwansa/.m2/repository/org/springframework/spring-jdbc/5.3.4/spring-jdbc-5.3.4-sources.jar","javadocContainerUrl":"file:/C:/Users/Mambwe.Mwansa/.m2/repository/org/springframework/spring-jdbc/5.3.4/spring-jdbc-5.3.4-javadoc.jar","isSystem":false,"isOwn":false,"isTest":false,"isJavaContent":false},{"kind":"binary","path":"C:\\Users\\Mambwe.Mwansa\\.m2\\repository\\jakarta\\transaction\\jakarta.transaction-api\\1.3.3\\jakarta.transaction-api-1.3.3.jar","sourceContainerUrl":"file:/C:/Users/Mambwe.Mwansa/.m2/repository/jakarta/transaction/jakarta.transaction-api/1.3.3/jakarta.transaction-api-1.3.3-sources.jar","javadocContainerUrl":"file:/C:/Users/Mambwe.Mwansa/.m2/repository/jakarta/transaction/jakarta.transaction-api/1.3.3/jakarta.transaction-api-1.3.3-javadoc.jar","isSystem":false,"isOwn":false,"isTest":false,"isJavaContent":false},{"kind":"binary","path":"C:\\Users\\Mambwe.Mwansa\\.m2\\repository\\jakarta\\persistence\\jakarta.persistence-api\\2.2.3\\jakarta.persistence-api-2.2.3.jar","sourceContainerUrl":"file:/C:/Users/Mambwe.Mwansa/.m2/repository/jakarta/persistence/jakarta.persistence-api/2.2.3/jakarta.persistence-api-2.2.3-sources.jar","javadocContainerUrl":"file:/C:/Users/Mambwe.Mwansa/.m2/repository/jakarta/persistence/jakarta.persistence-api/2.2.3/jakarta.persistence-api-2.2.3-javadoc.jar","isSystem":false,"isOwn":false,"isTest":false,"isJavaContent":false},{"kind":"binary","path":"C:\\Users\\Mambwe.Mwansa\\.m2\\repository\\org\\hibernate\\hibernate-core\\5.4.28.Final\\hibernate-core-5.4.28.Final.jar","sourceContainerUrl":"file:/C:/Users/Mambwe.Mwansa/.m2/repository/org/hibernate/hibernate-core/5.4.28.Final/hibernate-core-5.4.28.Final-sources.jar","javadocContainerUrl":"file:/C:/Users/Mambwe.Mwansa/.m2/repository/org/hibernate/hibernate-core/5.4.28.Final/hibernate-core-5.4.28.Final-javadoc.jar","isSystem":false,"isOwn":false,"isTest":false,"isJavaContent":false},{"kind":"binary","path":"C:\\Users\\Mambwe.Mwansa\\.m2\\repository\\org\\jboss\\logging\\jboss-logging\\3.4.1.Final\\jboss-logging-3.4.1.Final.jar","sourceContainerUrl":"file:/C:/Users/Mambwe.Mwansa/.m2/repository/org/jboss/logging/jboss-logging/3.4.1.Final/jboss-logging-3.4.1.Final-sources.jar","javadocContainerUrl":"file:/C:/Users/Mambwe.Mwansa/.m2/repository/org/jboss/logging/jboss-logging/3.4.1.Final/jboss-logging-3.4.1.Final-javadoc.jar","isSystem":false,"isOwn":false,"isTest":false,"isJavaContent":false},{"kind":"binary","path":"C:\\Users\\Mambwe.Mwansa\\.m2\\repository\\org\\javassist\\javassist\\3.27.0-GA\\javassist-3.27.0-GA.jar","sourceContainerUrl":"file:/C:/Users/Mambwe.Mwansa/.m2/repository/org/javassist/javassist/3.27.0-GA/javassist-3.27.0-GA-sources.jar","javadocContainerUrl":"file:/C:/Users/Mambwe.Mwansa/.m2/repository/org/javassist/javassist/3.27.0-GA/javassist-3.27.0-GA-javadoc.jar","isSystem":false,"isOwn":false,"isTest":false,"isJavaContent":false},{"kind":"binary","path":"C:\\Users\\Mambwe.Mwansa\\.m2\\repository\\net\\bytebuddy\\byte-buddy\\1.10.20\\byte-buddy-1.10.20.jar","sourceContainerUrl":"file:/C:/Users/Mambwe.Mwansa/.m2/repository/net/bytebuddy/byte-buddy/1.10.20/byte-buddy-1.10.20-sources.jar","javadocContainerUrl":"file:/C:/Users/Mambwe.Mwansa/.m2/repository/net/bytebuddy/byte-buddy/1.10.20/byte-buddy-1.10.20-javadoc.jar","isSystem":false,"isOwn":false,"isTest":false,"isJavaContent":false},{"kind":"binary","path":"C:\\Users\\Mambwe.Mwansa\\.m2\\repository\\antlr\\antlr\\2.7.7\\antlr-2.7.7.jar","isSystem":false,"isOwn":false,"isTest":false,"isJavaContent":false},{"kind":"binary","path":"C:\\Users\\Mambwe.Mwansa\\.m2\\repository\\org\\jboss\\jandex\\2.2.3.Final\\jandex-2.2.3.Final.jar","sourceContainerUrl":"file:/C:/Users/Mambwe.Mwansa/.m2/repository/org/jboss/jandex/2.2.3.Final/jandex-2.2.3.Final-sources.jar","isSystem":false,"isOwn":false,"isTest":false,"isJavaContent":false},{"kind":"binary","path":"C:\\Users\\Mambwe.Mwansa\\.m2\\repository\\com\\fasterxml\\classmate\\1.5.1\\classmate-1.5.1.jar","sourceContainerUrl":"file:/C:/Users/Mambwe.Mwansa/.m2/repository/com/fasterxml/classmate/1.5.1/classmate-1.5.1-sources.jar","javadocContainerUrl":"file:/C:/Users/Mambwe.Mwansa/.m2/repository/com/fasterxml/classmate/1.5.1/classmate-1.5.1-javadoc.jar","isSystem":false,"isOwn":false,"isTest":false,"isJavaContent":false},{"kind":"binary","path":"C:\\Users\\Mambwe.Mwansa\\.m2\\repository\\org\\dom4j\\dom4j\\2.1.3\\dom4j-2.1.3.jar","sourceContainerUrl":"file:/C:/Users/Mambwe.Mwansa/.m2/repository/org/dom4j/dom4j/2.1.3/dom4j-2.1.3-sources.jar","javadocContainerUrl":"file:/C:/Users/Mambwe.Mwansa/.m2/repository/org/dom4j/dom4j/2.1.3/dom4j-2.1.3-javadoc.jar","isSystem":false,"isOwn":false,"isTest":false,"isJavaContent":false},{"kind":"binary","path":"C:\\Users\\Mambwe.Mwansa\\.m2\\repository\\org\\hibernate\\common\\hibernate-commons-annotations\\5.1.2.Final\\hibernate-commons-annotations-5.1.2.Final.jar","sourceContainerUrl":"file:/C:/Users/Mambwe.Mwansa/.m2/repository/org/hibernate/common/hibernate-commons-annotations/5.1.2.Final/hibernate-commons-annotations-5.1.2.Final-sources.jar","isSystem":false,"isOwn":false,"isTest":false,"isJavaContent":false},{"kind":"binary","path":"C:\\Users\\Mambwe.Mwansa\\.m2\\repository\\org\\glassfish\\jaxb\\jaxb-runtime\\2.3.3\\jaxb-runtime-2.3.3.jar","sourceContainerUrl":"file:/C:/Users/Mambwe.Mwansa/.m2/repository/org/glassfish/jaxb/jaxb-runtime/2.3.3/jaxb-runtime-2.3.3-sources.jar","javadocContainerUrl":"file:/C:/Users/Mambwe.Mwansa/.m2/repository/org/glassfish/jaxb/jaxb-runtime/2.3.3/jaxb-runtime-2.3.3-javadoc.jar","isSystem":false,"isOwn":false,"isTest":false,"isJavaContent":false},{"kind":"binary","path":"C:\\Users\\Mambwe.Mwansa\\.m2\\repository\\jakarta\\xml\\bind\\jakarta.xml.bind-api\\2.3.3\\jakarta.xml.bind-api-2.3.3.jar","sourceContainerUrl":"file:/C:/Users/Mambwe.Mwansa/.m2/repository/jakarta/xml/bind/jakarta.xml.bind-api/2.3.3/jakarta.xml.bind-api-2.3.3-sources.jar","javadocContainerUrl":"file:/C:/Users/Mambwe.Mwansa/.m2/repository/jakarta/xml/bind/jakarta.xml.bind-api/2.3.3/jakarta.xml.bind-api-2.3.3-javadoc.jar","isSystem":false,"isOwn":false,"isTest":false,"isJavaContent":false},{"kind":"binary","path":"C:\\Users\\Mambwe.Mwansa\\.m2\\repository\\org\\glassfish\\jaxb\\txw2\\2.3.3\\txw2-2.3.3.jar","sourceContainerUrl":"file:/C:/Users/Mambwe.Mwansa/.m2/repository/org/glassfish/jaxb/txw2/2.3.3/txw2-2.3.3-sources.jar","javadocContainerUrl":"file:/C:/Users/Mambwe.Mwansa/.m2/repository/org/glassfish/jaxb/txw2/2.3.3/txw2-2.3.3-javadoc.jar","isSystem":false,"isOwn":false,"isTest":false,"isJavaContent":false},{"kind":"binary","path":"C:\\Users\\Mambwe.Mwansa\\.m2\\repository\\com\\sun\\istack\\istack-commons-runtime\\3.0.11\\istack-commons-runtime-3.0.11.jar","sourceContainerUrl":"file:/C:/Users/Mambwe.Mwansa/.m2/repository/com/sun/istack/istack-commons-runtime/3.0.11/istack-commons-runtime-3.0.11-sources.jar","javadocContainerUrl":"file:/C:/Users/Mambwe.Mwansa/.m2/repository/com/sun/istack/istack-commons-runtime/3.0.11/istack-commons-runtime-3.0.11-javadoc.jar","isSystem":false,"isOwn":false,"isTest":false,"isJavaContent":false},{"kind":"binary","path":"C:\\Users\\Mambwe.Mwansa\\.m2\\repository\\com\\sun\\activation\\jakarta.activation\\1.2.2\\jakarta.activation-1.2.2.jar","sourceContainerUrl":"file:/C:/Users/Mambwe.Mwansa/.m2/repository/com/sun/activation/jakarta.activation/1.2.2/jakarta.activation-1.2.2-sources.jar","javadocContainerUrl":"file:/C:/Users/Mambwe.Mwansa/.m2/repository/com/sun/activation/jakarta.activation/1.2.2/jakarta.activation-1.2.2-javadoc.jar","isSystem":false,"isOwn":false,"isTest":false,"isJavaContent":false},{"kind":"binary","path":"C:\\Users\\Mambwe.Mwansa\\.m2\\repository\\org\\springframework\\data\\spring-data-jpa\\2.4.5\\spring-data-jpa-2.4.5.jar","sourceContainerUrl":"file:/C:/Users/Mambwe.Mwansa/.m2/repository/org/springframework/data/spring-data-jpa/2.4.5/spring-data-jpa-2.4.5-sources.jar","javadocContainerUrl":"file:/C:/Users/Mambwe.Mwansa/.m2/repository/org/springframework/data/spring-data-jpa/2.4.5/spring-data-jpa-2.4.5-javadoc.jar","isSystem":false,"isOwn":false,"isTest":false,"isJavaContent":false},{"kind":"binary","path":"C:\\Users\\Mambwe.Mwansa\\.m2\\repository\\org\\springframework\\data\\spring-data-commons\\2.4.5\\spring-data-commons-2.4.5.jar","sourceContainerUrl":"file:/C:/Users/Mambwe.Mwansa/.m2/repository/org/springframework/data/spring-data-commons/2.4.5/spring-data-commons-2.4.5-sources.jar","javadocContainerUrl":"file:/C:/Users/Mambwe.Mwansa/.m2/repository/org/springframework/data/spring-data-commons/2.4.5/spring-data-commons-2.4.5-javadoc.jar","isSystem":false,"isOwn":false,"isTest":false,"isJavaContent":false},{"kind":"binary","path":"C:\\Users\\Mambwe.Mwansa\\.m2\\repository\\org\\springframework\\spring-orm\\5.3.4\\spring-orm-5.3.4.jar","sourceContainerUrl":"file:/C:/Users/Mambwe.Mwansa/.m2/repository/org/springframework/spring-orm/5.3.4/spring-orm-5.3.4-sources.jar","javadocContainerUrl":"file:/C:/Users/Mambwe.Mwansa/.m2/repository/org/springframework/spring-orm/5.3.4/spring-orm-5.3.4-javadoc.jar","isSystem":false,"isOwn":false,"isTest":false,"isJavaContent":false},{"kind":"binary","path":"C:\\Users\\Mambwe.Mwansa\\.m2\\repository\\org\\springframework\\spring-context\\5.3.4\\spring-context-5.3.4.jar","sourceContainerUrl":"file:/C:/Users/Mambwe.Mwansa/.m2/repository/org/springframework/spring-context/5.3.4/spring-context-5.3.4-sources.jar","javadocContainerUrl":"file:/C:/Users/Mambwe.Mwansa/.m2/repository/org/springframework/spring-context/5.3.4/spring-context-5.3.4-javadoc.jar","isSystem":false,"isOwn":false,"isTest":false,"isJavaContent":false},{"kind":"binary","path":"C:\\Users\\Mambwe.Mwansa\\.m2\\repository\\org\\springframework\\spring-tx\\5.3.4\\spring-tx-5.3.4.jar","sourceContainerUrl":"file:/C:/Users/Mambwe.Mwansa/.m2/repository/org/springframework/spring-tx/5.3.4/spring-tx-5.3.4-sources.jar","javadocContainerUrl":"file:/C:/Users/Mambwe.Mwansa/.m2/repository/org/springframework/spring-tx/5.3.4/spring-tx-5.3.4-javadoc.jar","isSystem":false,"isOwn":false,"isTest":false,"isJavaContent":false},{"kind":"binary","path":"C:\\Users\\Mambwe.Mwansa\\.m2\\repository\\org\\springframework\\spring-beans\\5.3.4\\spring-beans-5.3.4.jar","sourceContainerUrl":"file:/C:/Users/Mambwe.Mwansa/.m2/repository/org/springframework/spring-beans/5.3.4/spring-beans-5.3.4-sources.jar","javadocContainerUrl":"file:/C:/Users/Mambwe.Mwansa/.m2/repository/org/springframework/spring-beans/5.3.4/spring-beans-5.3.4-javadoc.jar","isSystem":false,"isOwn":false,"isTest":false,"isJavaContent":false},{"kind":"binary","path":"C:\\Users\\Mambwe.Mwansa\\.m2\\repository\\org\\springframework\\spring-core\\5.3.4\\spring-core-5.3.4.jar","sourceContainerUrl":"file:/C:/Users/Mambwe.Mwansa/.m2/repository/org/springframework/spring-core/5.3.4/spring-core-5.3.4-sources.jar","javadocContainerUrl":"file:/C:/Users/Mambwe.Mwansa/.m2/repository/org/springframework/spring-core/5.3.4/spring-core-5.3.4-javadoc.jar","isSystem":false,"isOwn":false,"isTest":false,"isJavaContent":false},{"kind":"binary","path":"C:\\Users\\Mambwe.Mwansa\\.m2\\repository\\org\\springframework\\spring-jcl\\5.3.4\\spring-jcl-5.3.4.jar","sourceContainerUrl":"file:/C:/Users/Mambwe.Mwansa/.m2/repository/org/springframework/spring-jcl/5.3.4/spring-jcl-5.3.4-sources.jar","javadocContainerUrl":"file:/C:/Users/Mambwe.Mwansa/.m2/repository/org/springframework/spring-jcl/5.3.4/spring-jcl-5.3.4-javadoc.jar","isSystem":false,"isOwn":false,"isTest":false,"isJavaContent":false},{"kind":"binary","path":"C:\\Users\\Mambwe.Mwansa\\.m2\\repository\\org\\slf4j\\slf4j-api\\1.7.30\\slf4j-api-1.7.30.jar","sourceContainerUrl":"file:/C:/Users/Mambwe.Mwansa/.m2/repository/org/slf4j/slf4j-api/1.7.30/slf4j-api-1.7.30-sources.jar","javadocContainerUrl":"file:/C:/Users/Mambwe.Mwansa/.m2/repository/org/slf4j/slf4j-api/1.7.30/slf4j-api-1.7.30-javadoc.jar","isSystem":false,"isOwn":false,"isTest":false,"isJavaContent":false},{"kind":"binary","path":"C:\\Users\\Mambwe.Mwansa\\.m2\\repository\\org\\springframework\\spring-aspects\\5.3.4\\spring-aspects-5.3.4.jar","sourceContainerUrl":"file:/C:/Users/Mambwe.Mwansa/.m2/repository/org/springframework/spring-aspects/5.3.4/spring-aspects-5.3.4-sources.jar","javadocContainerUrl":"file:/C:/Users/Mambwe.Mwansa/.m2/repository/org/springframework/spring-aspects/5.3.4/spring-aspects-5.3.4-javadoc.jar","isSystem":false,"isOwn":false,"isTest":false,"isJavaContent":false},{"kind":"binary","path":"C:\\Users\\Mambwe.Mwansa\\.m2\\repository\\org\\webjars\\webjars-locator\\0.30\\webjars-locator-0.30.jar","sourceContainerUrl":"file:/C:/Users/Mambwe.Mwansa/.m2/repository/org/webjars/webjars-locator/0.30/webjars-locator-0.30-sources.jar","javadocContainerUrl":"file:/C:/Users/Mambwe.Mwansa/.m2/repository/org/webjars/webjars-locator/0.30/webjars-locator-0.30-javadoc.jar","isSystem":false,"isOwn":false,"isTest":false,"isJavaContent":false},{"kind":"binary","path":"C:\\Users\\Mambwe.Mwansa\\.m2\\repository\\org\\webjars\\webjars-locator-core\\0.46\\webjars-locator-core-0.46.jar","sourceContainerUrl":"file:/C:/Users/Mambwe.Mwansa/.m2/repository/org/webjars/webjars-locator-core/0.46/webjars-locator-core-0.46-sources.jar","javadocContainerUrl":"file:/C:/Users/Mambwe.Mwansa/.m2/repository/org/webjars/webjars-locator-core/0.46/webjars-locator-core-0.46-javadoc.jar","isSystem":false,"isOwn":false,"isTest":false,"isJavaContent":false},{"kind":"binary","path":"C:\\Users\\Mambwe.Mwansa\\.m2\\repository\\io\\github\\classgraph\\classgraph\\4.8.69\\classgraph-4.8.69.jar","sourceContainerUrl":"file:/C:/Users/Mambwe.Mwansa/.m2/repository/io/github/classgraph/classgraph/4.8.69/classgraph-4.8.69-sources.jar","javadocContainerUrl":"file:/C:/Users/Mambwe.Mwansa/.m2/repository/io/github/classgraph/classgraph/4.8.69/classgraph-4.8.69-javadoc.jar","isSystem":false,"isOwn":false,"isTest":false,"isJavaContent":false},{"kind":"binary","path":"C:\\Users\\Mambwe.Mwansa\\.m2\\repository\\com\\fasterxml\\jackson\\core\\jackson-core\\2.11.4\\jackson-core-2.11.4.jar","sourceContainerUrl":"file:/C:/Users/Mambwe.Mwansa/.m2/repository/com/fasterxml/jackson/core/jackson-core/2.11.4/jackson-core-2.11.4-sources.jar","javadocContainerUrl":"file:/C:/Users/Mambwe.Mwansa/.m2/repository/com/fasterxml/jackson/core/jackson-core/2.11.4/jackson-core-2.11.4-javadoc.jar","isSystem":false,"isOwn":false,"isTest":false,"isJavaContent":false},{"kind":"binary","path":"C:\\Users\\Mambwe.Mwansa\\.m2\\repository\\com\\fasterxml\\jackson\\core\\jackson-databind\\2.11.4\\jackson-databind-2.11.4.jar","sourceContainerUrl":"file:/C:/Users/Mambwe.Mwansa/.m2/repository/com/fasterxml/jackson/core/jackson-databind/2.11.4/jackson-databind-2.11.4-sources.jar","javadocContainerUrl":"file:/C:/Users/Mambwe.Mwansa/.m2/repository/com/fasterxml/jackson/core/jackson-databind/2.11.4/jackson-databind-2.11.4-javadoc.jar","isSystem":false,"isOwn":false,"isTest":false,"isJavaContent":false},{"kind":"binary","path":"C:\\Users\\Mambwe.Mwansa\\.m2\\repository\\com\\fasterxml\\jackson\\core\\jackson-annotations\\2.11.4\\jackson-annotations-2.11.4.jar","sourceContainerUrl":"file:/C:/Users/Mambwe.Mwansa/.m2/repository/com/fasterxml/jackson/core/jackson-annotations/2.11.4/jackson-annotations-2.11.4-sources.jar","javadocContainerUrl":"file:/C:/Users/Mambwe.Mwansa/.m2/repository/com/fasterxml/jackson/core/jackson-annotations/2.11.4/jackson-annotations-2.11.4-javadoc.jar","isSystem":false,"isOwn":false,"isTest":false,"isJavaContent":false},{"kind":"binary","path":"C:\\Users\\Mambwe.Mwansa\\.m2\\repository\\org\\apache\\commons\\commons-lang3\\3.11\\commons-lang3-3.11.jar","sourceContainerUrl":"file:/C:/Users/Mambwe.Mwansa/.m2/repository/org/apache/commons/commons-lang3/3.11/commons-lang3-3.11-sources.jar","javadocContainerUrl":"file:/C:/Users/Mambwe.Mwansa/.m2/repository/org/apache/commons/commons-lang3/3.11/commons-lang3-3.11-javadoc.jar","isSystem":false,"isOwn":false,"isTest":false,"isJavaContent":false},{"kind":"binary","path":"C:\\Users\\Mambwe.Mwansa\\.m2\\repository\\org\\springframework\\boot\\spring-boot-starter-web\\2.4.3\\spring-boot-starter-web-2.4.3.jar","sourceContainerUrl":"file:/C:/Users/Mambwe.Mwansa/.m2/repository/org/springframework/boot/spring-boot-starter-web/2.4.3/spring-boot-starter-web-2.4.3-sources.jar","javadocContainerUrl":"file:/C:/Users/Mambwe.Mwansa/.m2/repository/org/springframework/boot/spring-boot-starter-web/2.4.3/spring-boot-starter-web-2.4.3-javadoc.jar","isSystem":false,"isOwn":false,"isTest":false,"isJavaContent":false},{"kind":"binary","path":"C:\\Users\\Mambwe.Mwansa\\.m2\\repository\\org\\springframework\\boot\\spring-boot-starter\\2.4.3\\spring-boot-starter-2.4.3.jar","sourceContainerUrl":"file:/C:/Users/Mambwe.Mwansa/.m2/repository/org/springframework/boot/spring-boot-starter/2.4.3/spring-boot-starter-2.4.3-sources.jar","javadocContainerUrl":"file:/C:/Users/Mambwe.Mwansa/.m2/repository/org/springframework/boot/spring-boot-starter/2.4.3/spring-boot-starter-2.4.3-javadoc.jar","isSystem":false,"isOwn":false,"isTest":false,"isJavaContent":false},{"kind":"binary","path":"C:\\Users\\Mambwe.Mwansa\\.m2\\repository\\org\\springframework\\boot\\spring-boot-starter-logging\\2.4.3\\spring-boot-starter-logging-2.4.3.jar","sourceContainerUrl":"file:/C:/Users/Mambwe.Mwansa/.m2/repository/org/springframework/boot/spring-boot-starter-logging/2.4.3/spring-boot-starter-logging-2.4.3-sources.jar","javadocContainerUrl":"file:/C:/Users/Mambwe.Mwansa/.m2/repository/org/springframework/boot/spring-boot-starter-logging/2.4.3/spring-boot-starter-logging-2.4.3-javadoc.jar","isSystem":false,"isOwn":false,"isTest":false,"isJavaContent":false},{"kind":"binary","path":"C:\\Users\\Mambwe.Mwansa\\.m2\\repository\\ch\\qos\\logback\\logback-classic\\1.2.3\\logback-classic-1.2.3.jar","sourceContainerUrl":"file:/C:/Users/Mambwe.Mwansa/.m2/repository/ch/qos/logback/logback-classic/1.2.3/logback-classic-1.2.3-sources.jar","javadocContainerUrl":"file:/C:/Users/Mambwe.Mwansa/.m2/repository/ch/qos/logback/logback-classic/1.2.3/logback-classic-1.2.3-javadoc.jar","isSystem":false,"isOwn":false,"isTest":false,"isJavaContent":false},{"kind":"binary","path":"C:\\Users\\Mambwe.Mwansa\\.m2\\repository\\ch\\qos\\logback\\logback-core\\1.2.3\\logback-core-1.2.3.jar","sourceContainerUrl":"file:/C:/Users/Mambwe.Mwansa/.m2/repository/ch/qos/logback/logback-core/1.2.3/logback-core-1.2.3-sources.jar","javadocContainerUrl":"file:/C:/Users/Mambwe.Mwansa/.m2/repository/ch/qos/logback/logback-core/1.2.3/logback-core-1.2.3-javadoc.jar","isSystem":false,"isOwn":false,"isTest":false,"isJavaContent":false},{"kind":"binary","path":"C:\\Users\\Mambwe.Mwansa\\.m2\\repository\\org\\apache\\logging\\log4j\\log4j-to-slf4j\\2.13.3\\log4j-to-slf4j-2.13.3.jar","sourceContainerUrl":"file:/C:/Users/Mambwe.Mwansa/.m2/repository/org/apache/logging/log4j/log4j-to-slf4j/2.13.3/log4j-to-slf4j-2.13.3-sources.jar","javadocContainerUrl":"file:/C:/Users/Mambwe.Mwansa/.m2/repository/org/apache/logging/log4j/log4j-to-slf4j/2.13.3/log4j-to-slf4j-2.13.3-javadoc.jar","isSystem":false,"isOwn":false,"isTest":false,"isJavaContent":false},{"kind":"binary","path":"C:\\Users\\Mambwe.Mwansa\\.m2\\repository\\org\\apache\\logging\\log4j\\log4j-api\\2.13.3\\log4j-api-2.13.3.jar","sourceContainerUrl":"file:/C:/Users/Mambwe.Mwansa/.m2/repository/org/apache/logging/log4j/log4j-api/2.13.3/log4j-api-2.13.3-sources.jar","javadocContainerUrl":"file:/C:/Users/Mambwe.Mwansa/.m2/repository/org/apache/logging/log4j/log4j-api/2.13.3/log4j-api-2.13.3-javadoc.jar","isSystem":false,"isOwn":false,"isTest":false,"isJavaContent":false},{"kind":"binary","path":"C:\\Users\\Mambwe.Mwansa\\.m2\\repository\\org\\slf4j\\jul-to-slf4j\\1.7.30\\jul-to-slf4j-1.7.30.jar","sourceContainerUrl":"file:/C:/Users/Mambwe.Mwansa/.m2/repository/org/slf4j/jul-to-slf4j/1.7.30/jul-to-slf4j-1.7.30-sources.jar","javadocContainerUrl":"file:/C:/Users/Mambwe.Mwansa/.m2/repository/org/slf4j/jul-to-slf4j/1.7.30/jul-to-slf4j-1.7.30-javadoc.jar","isSystem":false,"isOwn":false,"isTest":false,"isJavaContent":false},{"kind":"binary","path":"C:\\Users\\Mambwe.Mwansa\\.m2\\repository\\org\\yaml\\snakeyaml\\1.27\\snakeyaml-1.27.jar","sourceContainerUrl":"file:/C:/Users/Mambwe.Mwansa/.m2/repository/org/yaml/snakeyaml/1.27/snakeyaml-1.27-sources.jar","javadocContainerUrl":"file:/C:/Users/Mambwe.Mwansa/.m2/repository/org/yaml/snakeyaml/1.27/snakeyaml-1.27-javadoc.jar","isSystem":false,"isOwn":false,"isTest":false,"isJavaContent":false},{"kind":"binary","path":"C:\\Users\\Mambwe.Mwansa\\.m2\\repository\\org\\springframework\\boot\\spring-boot-starter-json\\2.4.3\\spring-boot-starter-json-2.4.3.jar","sourceContainerUrl":"file:/C:/Users/Mambwe.Mwansa/.m2/repository/org/springframework/boot/spring-boot-starter-json/2.4.3/spring-boot-starter-json-2.4.3-sources.jar","javadocContainerUrl":"file:/C:/Users/Mambwe.Mwansa/.m2/repository/org/springframework/boot/spring-boot-starter-json/2.4.3/spring-boot-starter-json-2.4.3-javadoc.jar","isSystem":false,"isOwn":false,"isTest":false,"isJavaContent":false},{"kind":"binary","path":"C:\\Users\\Mambwe.Mwansa\\.m2\\repository\\com\\fasterxml\\jackson\\datatype\\jackson-datatype-jdk8\\2.11.4\\jackson-datatype-jdk8-2.11.4.jar","sourceContainerUrl":"file:/C:/Users/Mambwe.Mwansa/.m2/repository/com/fasterxml/jackson/datatype/jackson-datatype-jdk8/2.11.4/jackson-datatype-jdk8-2.11.4-sources.jar","javadocContainerUrl":"file:/C:/Users/Mambwe.Mwansa/.m2/repository/com/fasterxml/jackson/datatype/jackson-datatype-jdk8/2.11.4/jackson-datatype-jdk8-2.11.4-javadoc.jar","isSystem":false,"isOwn":false,"isTest":false,"isJavaContent":false},{"kind":"binary","path":"C:\\Users\\Mambwe.Mwansa\\.m2\\repository\\com\\fasterxml\\jackson\\datatype\\jackson-datatype-jsr310\\2.11.4\\jackson-datatype-jsr310-2.11.4.jar","sourceContainerUrl":"file:/C:/Users/Mambwe.Mwansa/.m2/repository/com/fasterxml/jackson/datatype/jackson-datatype-jsr310/2.11.4/jackson-datatype-jsr310-2.11.4-sources.jar","javadocContainerUrl":"file:/C:/Users/Mambwe.Mwansa/.m2/repository/com/fasterxml/jackson/datatype/jackson-datatype-jsr310/2.11.4/jackson-datatype-jsr310-2.11.4-javadoc.jar","isSystem":false,"isOwn":false,"isTest":false,"isJavaContent":false},{"kind":"binary","path":"C:\\Users\\Mambwe.Mwansa\\.m2\\repository\\com\\fasterxml\\jackson\\module\\jackson-module-parameter-names\\2.11.4\\jackson-module-parameter-names-2.11.4.jar","sourceContainerUrl":"file:/C:/Users/Mambwe.Mwansa/.m2/repository/com/fasterxml/jackson/module/jackson-module-parameter-names/2.11.4/jackson-module-parameter-names-2.11.4-sources.jar","javadocContainerUrl":"file:/C:/Users/Mambwe.Mwansa/.m2/repository/com/fasterxml/jackson/module/jackson-module-parameter-names/2.11.4/jackson-module-parameter-names-2.11.4-javadoc.jar","isSystem":false,"isOwn":false,"isTest":false,"isJavaContent":false},{"kind":"binary","path":"C:\\Users\\Mambwe.Mwansa\\.m2\\repository\\org\\springframework\\spring-web\\5.3.4\\spring-web-5.3.4.jar","sourceContainerUrl":"file:/C:/Users/Mambwe.Mwansa/.m2/repository/org/springframework/spring-web/5.3.4/spring-web-5.3.4-sources.jar","javadocContainerUrl":"file:/C:/Users/Mambwe.Mwansa/.m2/repository/org/springframework/spring-web/5.3.4/spring-web-5.3.4-javadoc.jar","isSystem":false,"isOwn":false,"isTest":false,"isJavaContent":false},{"kind":"binary","path":"C:\\Users\\Mambwe.Mwansa\\.m2\\repository\\org\\springframework\\spring-webmvc\\5.3.4\\spring-webmvc-5.3.4.jar","sourceContainerUrl":"file:/C:/Users/Mambwe.Mwansa/.m2/repository/org/springframework/spring-webmvc/5.3.4/spring-webmvc-5.3.4-sources.jar","javadocContainerUrl":"file:/C:/Users/Mambwe.Mwansa/.m2/repository/org/springframework/spring-webmvc/5.3.4/spring-webmvc-5.3.4-javadoc.jar","isSystem":false,"isOwn":false,"isTest":false,"isJavaContent":false},{"kind":"binary","path":"C:\\Users\\Mambwe.Mwansa\\.m2\\repository\\org\\springframework\\spring-expression\\5.3.4\\spring-expression-5.3.4.jar","sourceContainerUrl":"file:/C:/Users/Mambwe.Mwansa/.m2/repository/org/springframework/spring-expression/5.3.4/spring-expression-5.3.4-sources.jar","javadocContainerUrl":"file:/C:/Users/Mambwe.Mwansa/.m2/repository/org/springframework/spring-expression/5.3.4/spring-expression-5.3.4-javadoc.jar","isSystem":false,"isOwn":false,"isTest":false,"isJavaContent":false},{"kind":"binary","path":"C:\\Users\\Mambwe.Mwansa\\.m2\\repository\\org\\springframework\\boot\\spring-boot-devtools\\2.4.3\\spring-boot-devtools-2.4.3.jar","sourceContainerUrl":"file:/C:/Users/Mambwe.Mwansa/.m2/repository/org/springframework/boot/spring-boot-devtools/2.4.3/spring-boot-devtools-2.4.3-sources.jar","javadocContainerUrl":"file:/C:/Users/Mambwe.Mwansa/.m2/repository/org/springframework/boot/spring-boot-devtools/2.4.3/spring-boot-devtools-2.4.3-javadoc.jar","isSystem":false,"isOwn":false,"isTest":false,"isJavaContent":false},{"kind":"binary","path":"C:\\Users\\Mambwe.Mwansa\\.m2\\repository\\org\\springframework\\boot\\spring-boot\\2.4.3\\spring-boot-2.4.3.jar","sourceContainerUrl":"file:/C:/Users/Mambwe.Mwansa/.m2/repository/org/springframework/boot/spring-boot/2.4.3/spring-boot-2.4.3-sources.jar","javadocContainerUrl":"file:/C:/Users/Mambwe.Mwansa/.m2/repository/org/springframework/boot/spring-boot/2.4.3/spring-boot-2.4.3-javadoc.jar","isSystem":false,"isOwn":false,"isTest":false,"isJavaContent":false},{"kind":"binary","path":"C:\\Users\\Mambwe.Mwansa\\.m2\\repository\\org\\springframework\\boot\\spring-boot-autoconfigure\\2.4.3\\spring-boot-autoconfigure-2.4.3.jar","sourceContainerUrl":"file:/C:/Users/Mambwe.Mwansa/.m2/repository/org/springframework/boot/spring-boot-autoconfigure/2.4.3/spring-boot-autoconfigure-2.4.3-sources.jar","javadocContainerUrl":"file:/C:/Users/Mambwe.Mwansa/.m2/repository/org/springframework/boot/spring-boot-autoconfigure/2.4.3/spring-boot-autoconfigure-2.4.3-javadoc.jar","isSystem":false,"isOwn":false,"isTest":false,"isJavaContent":false},{"kind":"binary","path":"C:\\Users\\Mambwe.Mwansa\\.m2\\repository\\org\\apache\\tomcat\\embed\\tomcat-embed-jasper\\9.0.43\\tomcat-embed-jasper-9.0.43.jar","sourceContainerUrl":"file:/C:/Users/Mambwe.Mwansa/.m2/repository/org/apache/tomcat/embed/tomcat-embed-jasper/9.0.43/tomcat-embed-jasper-9.0.43-sources.jar","isSystem":false,"isOwn":false,"isTest":false,"isJavaContent":false},{"kind":"binary","path":"C:\\Users\\Mambwe.Mwansa\\.m2\\repository\\org\\apache\\tomcat\\embed\\tomcat-embed-core\\9.0.43\\tomcat-embed-core-9.0.43.jar","sourceContainerUrl":"file:/C:/Users/Mambwe.Mwansa/.m2/repository/org/apache/tomcat/embed/tomcat-embed-core/9.0.43/tomcat-embed-core-9.0.43-sources.jar","isSystem":false,"isOwn":false,"isTest":false,"isJavaContent":false},{"kind":"binary","path":"C:\\Users\\Mambwe.Mwansa\\.m2\\repository\\org\\apache\\tomcat\\tomcat-annotations-api\\9.0.43\\tomcat-annotations-api-9.0.43.jar","sourceContainerUrl":"file:/C:/Users/Mambwe.Mwansa/.m2/repository/org/apache/tomcat/tomcat-annotations-api/9.0.43/tomcat-annotations-api-9.0.43-sources.jar","isSystem":false,"isOwn":false,"isTest":false,"isJavaContent":false},{"kind":"binary","path":"C:\\Users\\Mambwe.Mwansa\\.m2\\repository\\org\\apache\\tomcat\\embed\\tomcat-embed-el\\9.0.43\\tomcat-embed-el-9.0.43.jar","sourceContainerUrl":"file:/C:/Users/Mambwe.Mwansa/.m2/repository/org/apache/tomcat/embed/tomcat-embed-el/9.0.43/tomcat-embed-el-9.0.43-sources.jar","isSystem":false,"isOwn":false,"isTest":false,"isJavaContent":false},{"kind":"binary","path":"C:\\Users\\Mambwe.Mwansa\\.m2\\repository\\org\\eclipse\\jdt\\ecj\\3.18.0\\ecj-3.18.0.jar","sourceContainerUrl":"file:/C:/Users/Mambwe.Mwansa/.m2/repository/org/eclipse/jdt/ecj/3.18.0/ecj-3.18.0-sources.jar","javadocContainerUrl":"file:/C:/Users/Mambwe.Mwansa/.m2/repository/org/eclipse/jdt/ecj/3.18.0/ecj-3.18.0-javadoc.jar","isSystem":false,"isOwn":false,"isTest":false,"isJavaContent":false},{"kind":"binary","path":"C:\\Users\\Mambwe.Mwansa\\.m2\\repository\\org\\springframework\\boot\\spring-boot-starter-thymeleaf\\2.4.3\\spring-boot-starter-thymeleaf-2.4.3.jar","sourceContainerUrl":"file:/C:/Users/Mambwe.Mwansa/.m2/repository/org/springframework/boot/spring-boot-starter-thymeleaf/2.4.3/spring-boot-starter-thymeleaf-2.4.3-sources.jar","javadocContainerUrl":"file:/C:/Users/Mambwe.Mwansa/.m2/repository/org/springframework/boot/spring-boot-starter-thymeleaf/2.4.3/spring-boot-starter-thymeleaf-2.4.3-javadoc.jar","isSystem":false,"isOwn":false,"isTest":false,"isJavaContent":false},{"kind":"binary","path":"C:\\Users\\Mambwe.Mwansa\\.m2\\repository\\org\\thymeleaf\\thymeleaf-spring5\\3.0.12.RELEASE\\thymeleaf-spring5-3.0.12.RELEASE.jar","sourceContainerUrl":"file:/C:/Users/Mambwe.Mwansa/.m2/repository/org/thymeleaf/thymeleaf-spring5/3.0.12.RELEASE/thymeleaf-spring5-3.0.12.RELEASE-sources.jar","javadocContainerUrl":"file:/C:/Users/Mambwe.Mwansa/.m2/repository/org/thymeleaf/thymeleaf-spring5/3.0.12.RELEASE/thymeleaf-spring5-3.0.12.RELEASE-javadoc.jar","isSystem":false,"isOwn":false,"isTest":false,"isJavaContent":false},{"kind":"binary","path":"C:\\Users\\Mambwe.Mwansa\\.m2\\repository\\org\\thymeleaf\\extras\\thymeleaf-extras-java8time\\3.0.4.RELEASE\\thymeleaf-extras-java8time-3.0.4.RELEASE.jar","sourceContainerUrl":"file:/C:/Users/Mambwe.Mwansa/.m2/repository/org/thymeleaf/extras/thymeleaf-extras-java8time/3.0.4.RELEASE/thymeleaf-extras-java8time-3.0.4.RELEASE-sources.jar","javadocContainerUrl":"file:/C:/Users/Mambwe.Mwansa/.m2/repository/org/thymeleaf/extras/thymeleaf-extras-java8time/3.0.4.RELEASE/thymeleaf-extras-java8time-3.0.4.RELEASE-javadoc.jar","isSystem":false,"isOwn":false,"isTest":false,"isJavaContent":false},{"kind":"binary","path":"C:\\Users\\Mambwe.Mwansa\\.m2\\repository\\nz\\net\\ultraq\\thymeleaf\\thymeleaf-layout-dialect\\2.5.2\\thymeleaf-layout-dialect-2.5.2.jar","sourceContainerUrl":"file:/C:/Users/Mambwe.Mwansa/.m2/repository/nz/net/ultraq/thymeleaf/thymeleaf-layout-dialect/2.5.2/thymeleaf-layout-dialect-2.5.2-sources.jar","javadocContainerUrl":"file:/C:/Users/Mambwe.Mwansa/.m2/repository/nz/net/ultraq/thymeleaf/thymeleaf-layout-dialect/2.5.2/thymeleaf-layout-dialect-2.5.2-javadoc.jar","isSystem":false,"isOwn":false,"isTest":false,"isJavaContent":false},{"kind":"binary","path":"C:\\Users\\Mambwe.Mwansa\\.m2\\repository\\org\\codehaus\\groovy\\groovy\\2.5.14\\groovy-2.5.14.jar","sourceContainerUrl":"file:/C:/Users/Mambwe.Mwansa/.m2/repository/org/codehaus/groovy/groovy/2.5.14/groovy-2.5.14-sources.jar","javadocContainerUrl":"file:/C:/Users/Mambwe.Mwansa/.m2/repository/org/codehaus/groovy/groovy/2.5.14/groovy-2.5.14-javadoc.jar","isSystem":false,"isOwn":false,"isTest":false,"isJavaContent":false},{"kind":"binary","path":"C:\\Users\\Mambwe.Mwansa\\.m2\\repository\\nz\\net\\ultraq\\extensions\\groovy-extensions\\0.3.0\\groovy-extensions-0.3.0.jar","sourceContainerUrl":"file:/C:/Users/Mambwe.Mwansa/.m2/repository/nz/net/ultraq/extensions/groovy-extensions/0.3.0/groovy-extensions-0.3.0-sources.jar","javadocContainerUrl":"file:/C:/Users/Mambwe.Mwansa/.m2/repository/nz/net/ultraq/extensions/groovy-extensions/0.3.0/groovy-extensions-0.3.0-javadoc.jar","isSystem":false,"isOwn":false,"isTest":false,"isJavaContent":false},{"kind":"binary","path":"C:\\Users\\Mambwe.Mwansa\\.m2\\repository\\nz\\net\\ultraq\\thymeleaf\\thymeleaf-expression-processor\\1.2.0\\thymeleaf-expression-processor-1.2.0.jar","sourceContainerUrl":"file:/C:/Users/Mambwe.Mwansa/.m2/repository/nz/net/ultraq/thymeleaf/thymeleaf-expression-processor/1.2.0/thymeleaf-expression-processor-1.2.0-sources.jar","javadocContainerUrl":"file:/C:/Users/Mambwe.Mwansa/.m2/repository/nz/net/ultraq/thymeleaf/thymeleaf-expression-processor/1.2.0/thymeleaf-expression-processor-1.2.0-javadoc.jar","isSystem":false,"isOwn":false,"isTest":false,"isJavaContent":false},{"kind":"binary","path":"C:\\Users\\Mambwe.Mwansa\\.m2\\repository\\org\\thymeleaf\\thymeleaf\\3.0.12.RELEASE\\thymeleaf-3.0.12.RELEASE.jar","sourceContainerUrl":"file:/C:/Users/Mambwe.Mwansa/.m2/repository/org/thymeleaf/thymeleaf/3.0.12.RELEASE/thymeleaf-3.0.12.RELEASE-sources.jar","javadocContainerUrl":"file:/C:/Users/Mambwe.Mwansa/.m2/repository/org/thymeleaf/thymeleaf/3.0.12.RELEASE/thymeleaf-3.0.12.RELEASE-javadoc.jar","isSystem":false,"isOwn":false,"isTest":false,"isJavaContent":false},{"kind":"binary","path":"C:\\Users\\Mambwe.Mwansa\\.m2\\repository\\ognl\\ognl\\3.1.26\\ognl-3.1.26.jar","sourceContainerUrl":"file:/C:/Users/Mambwe.Mwansa/.m2/repository/ognl/ognl/3.1.26/ognl-3.1.26-sources.jar","javadocContainerUrl":"file:/C:/Users/Mambwe.Mwansa/.m2/repository/ognl/ognl/3.1.26/ognl-3.1.26-javadoc.jar","isSystem":false,"isOwn":false,"isTest":false,"isJavaContent":false},{"kind":"binary","path":"C:\\Users\\Mambwe.Mwansa\\.m2\\repository\\org\\attoparser\\attoparser\\2.0.5.RELEASE\\attoparser-2.0.5.RELEASE.jar","sourceContainerUrl":"file:/C:/Users/Mambwe.Mwansa/.m2/repository/org/attoparser/attoparser/2.0.5.RELEASE/attoparser-2.0.5.RELEASE-sources.jar","javadocContainerUrl":"file:/C:/Users/Mambwe.Mwansa/.m2/repository/org/attoparser/attoparser/2.0.5.RELEASE/attoparser-2.0.5.RELEASE-javadoc.jar","isSystem":false,"isOwn":false,"isTest":false,"isJavaContent":false},{"kind":"binary","path":"C:\\Users\\Mambwe.Mwansa\\.m2\\repository\\org\\unbescape\\unbescape\\1.1.6.RELEASE\\unbescape-1.1.6.RELEASE.jar","sourceContainerUrl":"file:/C:/Users/Mambwe.Mwansa/.m2/repository/org/unbescape/unbescape/1.1.6.RELEASE/unbescape-1.1.6.RELEASE-sources.jar","javadocContainerUrl":"file:/C:/Users/Mambwe.Mwansa/.m2/repository/org/unbescape/unbescape/1.1.6.RELEASE/unbescape-1.1.6.RELEASE-javadoc.jar","isSystem":false,"isOwn":false,"isTest":false,"isJavaContent":false},{"kind":"binary","path":"C:\\Users\\Mambwe.Mwansa\\.m2\\repository\\org\\springframework\\boot\\spring-boot-starter-tomcat\\2.4.3\\spring-boot-starter-tomcat-2.4.3.jar","sourceContainerUrl":"file:/C:/Users/Mambwe.Mwansa/.m2/repository/org/springframework/boot/spring-boot-starter-tomcat/2.4.3/spring-boot-starter-tomcat-2.4.3-sources.jar","javadocContainerUrl":"file:/C:/Users/Mambwe.Mwansa/.m2/repository/org/springframework/boot/spring-boot-starter-tomcat/2.4.3/spring-boot-starter-tomcat-2.4.3-javadoc.jar","isSystem":false,"isOwn":false,"isTest":false,"isJavaContent":false},{"kind":"binary","path":"C:\\Users\\Mambwe.Mwansa\\.m2\\repository\\jakarta\\annotation\\jakarta.annotation-api\\1.3.5\\jakarta.annotation-api-1.3.5.jar","sourceContainerUrl":"file:/C:/Users/Mambwe.Mwansa/.m2/repository/jakarta/annotation/jakarta.annotation-api/1.3.5/jakarta.annotation-api-1.3.5-sources.jar","javadocContainerUrl":"file:/C:/Users/Mambwe.Mwansa/.m2/repository/jakarta/annotation/jakarta.annotation-api/1.3.5/jakarta.annotation-api-1.3.5-javadoc.jar","isSystem":false,"isOwn":false,"isTest":false,"isJavaContent":false},{"kind":"binary","path":"C:\\Users\\Mambwe.Mwansa\\.m2\\repository\\org\\glassfish\\jakarta.el\\3.0.3\\jakarta.el-3.0.3.jar","sourceContainerUrl":"file:/C:/Users/Mambwe.Mwansa/.m2/repository/org/glassfish/jakarta.el/3.0.3/jakarta.el-3.0.3-sources.jar","javadocContainerUrl":"file:/C:/Users/Mambwe.Mwansa/.m2/repository/org/glassfish/jakarta.el/3.0.3/jakarta.el-3.0.3-javadoc.jar","isSystem":false,"isOwn":false,"isTest":false,"isJavaContent":false},{"kind":"binary","path":"C:\\Users\\Mambwe.Mwansa\\.m2\\repository\\org\\apache\\tomcat\\embed\\tomcat-embed-websocket\\9.0.43\\tomcat-embed-websocket-9.0.43.jar","sourceContainerUrl":"file:/C:/Users/Mambwe.Mwansa/.m2/repository/org/apache/tomcat/embed/tomcat-embed-websocket/9.0.43/tomcat-embed-websocket-9.0.43-sources.jar","isSystem":false,"isOwn":false,"isTest":false,"isJavaContent":false},{"kind":"source","path":"C:\\Development\\Springboot\\zanaco_frontend_template\\zanaco_frontend_template\\src\\main\\java","outputFolder":"C:\\Development\\Springboot\\zanaco_frontend_template\\zanaco_frontend_template\\target\\classes","javadocContainerUrl":"file:/C:/Development/Springboot/zanaco_frontend_template/zanaco_frontend_template/target/site/apidocs","isSystem":false,"isOwn":true,"isTest":false,"isJavaContent":true},{"kind":"source","path":"C:\\Development\\Springboot\\zanaco_frontend_template\\zanaco_frontend_template\\src\\test\\java","outputFolder":"C:\\Development\\Springboot\\zanaco_frontend_template\\zanaco_frontend_template\\target\\test-classes","javadocContainerUrl":"file:/C:/Development/Springboot/zanaco_frontend_template/zanaco_frontend_template/target/site/apidocs","isSystem":false,"isOwn":true,"isTest":true,"isJavaContent":true},{"kind":"source","path":"C:\\Development\\Springboot\\zanaco_frontend_template\\zanaco_frontend_template\\src\\main\\resources","outputFolder":"C:\\Development\\Springboot\\zanaco_frontend_template\\zanaco_frontend_template\\target\\classes","isSystem":false,"isOwn":true,"isTest":false,"isJavaContent":false},{"kind":"source","path":"C:\\Development\\Springboot\\zanaco_frontend_template\\zanaco_frontend_template\\src\\test\\resources","outputFolder":"C:\\Development\\Springboot\\zanaco_frontend_template\\zanaco_frontend_template\\target\\test-classes","isSystem":false,"isOwn":true,"isTest":true,"isJavaContent":false},{"kind":"source","path":"C:\\Development\\Springboot\\zanaco_frontend_template\\zanaco_frontend_template\\src\\test\\java","outputFolder":"C:\\Development\\Springboot\\zanaco_frontend_template\\zanaco_frontend_template\\target\\test-classes","javadocContainerUrl":"file:/C:/Development/Springboot/zanaco_frontend_template/zanaco_frontend_template/target/site/apidocs","isSystem":false,"isOwn":true,"isTest":false,"isJavaContent":false}]}