{"properties": [
  {
    "name": "zm.co.zanaco.ebop.reports_base_path",
    "type": "java.lang.String",
    "description": "A description for 'zm.co.zanaco.ebop.reports_base_path'"
  },
  {
    "name": "zm.co.zanaco.ebop.upload_path",
    "type": "java.lang.String",
    "description": "A description for 'zm.co.zanaco.ebop.upload_path'"
  },
  {
    "name": "zm.co.zanaco.ebop.base_path",
    "type": "java.lang.String",
    "description": "A description for 'zm.co.zanaco.ebop.base_path'"
  },
  {
    "name": "zm.co.zanaco.ebop.backup_path",
    "type": "java.lang.String",
    "description": "A description for 'zm.co.zanaco.ebop.backup_path'"
  }
]}